Biloxi-D'Iberville Press,Dead Wiki Link
Bolivar Commercial,URL Not Found
Brookhaven Daily Leader,Dead Wiki Link
Canton News,No URL Found
Clarion-Ledger,http://clarionledger.com
Clarksdale Press Register,https://www.pressregister.com/
Columbian-Progress,Dead Wiki Link
Columbus Commercial,Dead Wiki Link
Crystal Springs Meteor,No URL Found
Daily Corinthian,URL Not Found
Daily Leader,http://www.pontiacdailyleader.com/
Daily Star,Dead Wiki Link
Daily Times Leader,URL Not Found
Darkhorse Press,Dead Wiki Link
Deer Creek Pilot,Dead Wiki Link
Delta Democrat-Times,http://www.ddtonline.com
Enterprise-Journal,Dead Wiki Link
Enterprise-Tocsin,URL Not Found
Greenwood Commonwealth,URL Not Found
Hattiesburg American,http://www.hattiesburgamerican.com/
Jackson Advocate,No URL Found in infobox
Jackson Free Press,http://jacksonfreepress.com/
Laurel Leader-Call,http://www.leader-call.net
Lawrence County Press,Dead Wiki Link
Long Beach Breeze,No URL Found
Madison County Journal,Dead Wiki Link
Meridian Star,http://www.meridianstar.com
Mississippi Business Journal,http://www.msbusiness.com
Mississippi Press,Dead Wiki Link
Natchez Democrat[6],Dead Wiki Link
Neshoba Democrat,Dead Wiki Link
New Albany Gazette,Dead Wiki Link
Northeast Mississippi Daily Journal,http://djournal.com/
The Northside Sun,Dead Wiki Link
Ocean Springs Record,Dead Wiki Link
Oxford Eagle,Dead Wiki Link
Pass Christian Gazebo Gazette,Dead Wiki Link
Pelahatchie News,No URL Found
Penny Pincher,Dead Wiki Link
Picayune Item,http://www.picayuneitem.com
Sea Coast Echo,Dead Wiki Link
Southwest Rankin News,No URL Found
Starkville Daily News,Dead Wiki Link
Stone County Enterprise,Dead Wiki Link
Sun Herald,http://www.sunherald.com/mld/sunherald/
The Clinton Courier,No URL Found
Vicksburg Post,Dead Wiki Link
Wesson News,No URL Found
Woodville Republican,URL Not Found
The Black Sheep,No URL Found
The Daily Mississippian,http://www.thedmonline.com/
The Reflector,http://www.reflector-online.com
The Mississippi Collegian,No URL Found
The Spectator,No URL Found
The Student Printz,No URL Found
