Belle Banner,Dead Wiki Link
Bland Courier,Dead Wiki Link
Boonville Daily News,http://www.boonvilledailynews.com/
Bowling Green Times,Dead Wiki Link
California Democrat,http://www.californiademocrat.com/
Camdenton Lake Sun,Dead Wiki Link
Chronicle Herald,https://www.saltwire.com/halifax/
Columbia Daily Tribune,http://www.columbiatribune.com/
Columbia Missourian,http://www.columbiamissourian.com
Constitution Tribune,http://www.chillicothenews.com
Delta Dunklin Democrat,Dead Wiki Link
Focus on Oak Grove,No URL Found
Hannibal Courier-Post,http://www.hannibal.net/
Independence Examiner,http://www.examiner.net
Jefferson City News Tribune,http://www.newstribune.com/
Joplin Globe,http://www.joplinglobe.com/
Kirksville Daily Express,http://www.kirksvilledailyexpress.com/
Lake Sun Leader,http://www.lakenewsonline.com/
Lincoln County Journal - Troy,Dead Wiki Link
Marshall Democrat-News,http://www.marshallnews.com/
Maryville Daily Forum,http://www.maryvilleforum.com/
Missouri Free Press,Dead Wiki Link
Moberly Monitor Index,http://www.moberlymonitor.com/
Mound City News,http://www.moundcitynews.com/
Neosho Daily News,http://www.neoshodailynews.com/
North Cass Herald,Dead Wiki Link
Parkland News,Dead Wiki Link
Rich Hill Mining Review,Dead Wiki Link
Riverfront Times,http://riverfronttimes.com
Rolla Daily News,http://www.therolladailynews.com/
Sedalia Democrat,http://www.sedaliademocrat.com/
South County Times,Dead Wiki Link
Southeast Missourian,http://www.semissourian.com/
Springfield News-Leader,http://www.news-leader.com
St. Joseph News-Press,http://www.newspressnow.com/
St. Louis Globe-Democrat,No URL Found in infobox
St. Louis Intelligencer,Dead Wiki Link
St. Louis Post-Dispatch,http://www.stltoday.com
St. Louis Reveille - St. Louis[5][6],Dead Wiki Link
The Beacon (Kansas City),https://thebeacon.media/
The Carthage Press,No URL Found in infobox
The Daily Guide,http://www.waynesvilledailyguide.com/
The Daily Star-Journal,http://WarrensburgStarJournal.com
The Kaleidoscope Weekly,Dead Wiki Link
The Kansas City Star,http://www.kansascity.com
The Leader,No URL Found in infobox
The Lebanon Daily Record,Dead Wiki Link
The Mexico Ledger,https://mexicoledger.com/
The New Evening Whirl,http://thewhirlonline.com/
The Odessan,Dead Wiki Link
Tipton Times,https://www.vernonpublishing.com/Times/News
Trenton Republican-Times,Dead Wiki Link
Washington Missourian,No URL Found in infobox
Webster-Kirkwood Times,Dead Wiki Link
West End Word,Dead Wiki Link
