Advertizer-Herald,Dead Wiki Link
Aiken Leader,Dead Wiki Link
Aiken Standard,http://www.aikenstandard.com/
Anderson Observer,Dead Wiki Link
Beaufort Gazette,http://www.islandpacket.com/beaufortgazette/
Berkeley Independent,Dead Wiki Link
The Berkeley Observer,Dead Wiki Link
Chapin Times,Dead Wiki Link
The Charleston Chronicle,https://www.charlestonchronicle.net
Charleston City Paper,No URL Found
Cheraw Chronicle,Dead Wiki Link
Chronicle-Independent,Dead Wiki Link
Clinton Chronicle,Dead Wiki Link
Coastal Observer,Dead Wiki Link
Colletonian,Dead Wiki Link
Columbia City Paper,http://columbiacitypaper.com/
Daily King News,Dead Wiki Link
Dillon Herald,Dead Wiki Link
Dorchester Eagle-Record,Dead Wiki Link
Edgefield Advertiser,URL Not Found
El Palmetto,Dead Wiki Link
Free Times,No URL Found
Georgetown Times,No URL Found
Greenville Journal,No URL Found
Greenville News,http://greenvilleonline.com
Hampton County Guardian,http://www.augustachronicle.com
Rock Hill Herald,http://www.heraldonline.com
Herald-Journal,http://www.goupstate.com/
Holly Hill Observer,Dead Wiki Link
Horry Independent,Dead Wiki Link
Independent-Mail,http://independentmail.com/
Index-Journal,Dead Wiki Link
Island Packet,http://www.islandpacket.com
Item,http://www.theitem.com/
Jasper County Sun,Dead Wiki Link
Lake City News & Post,Dead Wiki Link
Lancaster News,Dead Wiki Link
Laurens County Advertiser,Dead Wiki Link
Lee County Observer,Dead Wiki Link
Marion Star & Mullins Enterprise,Dead Wiki Link
Marlboro Herald Advocate,Dead Wiki Link
McCormick Messenger,Dead Wiki Link
Morning News,https://scnow.com/
Myrtle Beach Herald,Dead Wiki Link
Newberry Observer,Dead Wiki Link
News,Dead Wiki Link
News and Press,http://www.newsandpress.net/
News & Reporter,Dead Wiki Link
North Myrtle Beach Times,Dead Wiki Link
People-Sentinel,Dead Wiki Link
The Post and Courier,http://www.postandcourier.com
Press and Banner and Abbeville Medium,Dead Wiki Link
Press and Standard,Dead Wiki Link
Progressive Journal,Dead Wiki Link
Santee Striper,Dead Wiki Link
State,http://www.thestate.com/
Summerville Journal-Scene,Dead Wiki Link
Sun News,http://www.myrtlebeachonline.com/
The Journal,http://www.upstatetoday.com/
Times and Democrat,http://thetandd.com/
True Nation News Magazine,Dead Wiki Link
True Nation News Magazine,Dead Wiki Link
The Twin-City News,No URL Found
Union County News,Dead Wiki Link
Union Daily Times,Dead Wiki Link
Upstate Business Journal (UBJ),Dead Wiki Link
Weekly Observer,URL Not Found
West Of,Dead Wiki Link
