Brackety-Ack,Unhandled
The Breeze,http://www.breezejmu.org
The Broadside,http://www.BroadsideOnline.com
The Bullet,URL Not Found
The Buzz,https://thebuzzsu.com/
The Cadet,https://cadetnewspaper.com
The Captain's Log,http://www.starfleetgames.com/
The Cavalier Daily,http://www.cavalierdaily.com/
The Collegian,http://www.thecollegianur.com
Collegiate Times,http://www.collegiatetimes.com
The Commonwealth Times,https://commonwealthtimes.org/
The Critograph,Dead Wiki Link
The Flat Hat,http://flathatnews.com
The Hampden-Sydney Tiger,Dead Wiki Link
The Hampton Script,Dead Wiki Link
The Highland Cavalier,Dead Wiki Link
Hollins Columns,Dead Wiki Link
The Iron Blade,Dead Wiki Link
The Liberty Champion,Dead Wiki Link
The Mace & Crown,Dead Wiki Link
The Marlin Chronicle,Dead Wiki Link
Ring-tum Phi,Dead Wiki Link
The Rotunda,Dead Wiki Link
Spartan Echo,Dead Wiki Link
The Tartan,http://www.rutartan.com/wordpress/
Virginia Law Weekly,http://www.lawweekly.org
The Weathervane,No URL Found
The Yellow Jacket,Dead Wiki Link
