,No URL Found
The Tribune-Phonograph,No URL Found
Algoma Record-Herald,No URL Found
Buffalo County Journal,No URL Found
Altoona Star,No URL Found
Antigo Daily Journal,No URL Found
The Post-Crescent,http://postcrescent.com/
Pecatonica Valley Leader,No URL Found
Ashland Daily Press,http://www.apg-wi.com/ashland_daily_press/
Augusta Area News,No URL Found
Peninsula Pulse.0,No URL Found
County Ledger Press,No URL Found
Baraboo News Republic,No URL Found
The Bay Viewer,No URL Found
Beaver Dam Daily Citizen,No URL Found
Beloit Daily News,http://www.beloitdailynews.com
Stateline News,No URL Found
The Berlin Journal,No URL Found in infobox
News-Sickle-Arrow,No URL Found
Banner Journal,No URL Found
The Chronicle,No URL Found
The Boscobel Dial,http://www.swnews4u.com
The Brillion News,No URL Found
Brodhead Free Press,No URL Found
Brookfield News,No URL Found
Brown Deer Herald,No URL Found
Burlington Standard Press,No URL Found
The Cadott Sentinel,No URL Found
The Cambridge News[5],Unhandled
Chetek Alert,URL Not Found
Chilton Times-Journal,http://www.chiltontimesjournal.com
Chippewa Herald,No URL Found
Clintonville Chronicle,No URL Found
Cochrane-Fountain City Recorder,No URL Found
The Colfax Messenger,No URL Found
Columbus Journal,No URL Found
Cornell/Lake Holcombe Courier,No URL Found
Cottage Grove/Monona Herald-Independent,No URL Found
The Forest Republican,No URL Found
Tri-County Press,No URL Found
Cudahy Reminder Enterprise,No URL Found
Press Times,No URL Found
Deerfield Independent,No URL Found
DeForest Times Tribune,No URL Found
Walworth County Sunday,No URL Found
The Denmark News,http://thedenmarknews.com/
The Dodgeville Chronicle,URL Not Found
Kettle Moraine Index,No URL Found
The Durand Courier-Wedge,No URL Found
East Troy News,No URL Found
The Big Buck Saver,No URL Found
Eau Claire Leader-Telegram,URL Not Found
The Spectator,http://www.uwec.edu
Volume One,No URL Found
The Record Review,No URL Found
Edgerton Reporter,No URL Found
Elkhorn Independent,No URL Found
Walworth County Sunday,No URL Found
Pierce County Herald,URL Not Found
Elm Grove News-Independent,No URL Found
Elroy Link,No URL Found
The Fennimore Times,No URL Found
Fitchburg Star,No URL Found
The Reporter,http://fdlreporter.com/
Daily Jefferson County Union,No URL Found
The Representative,No URL Found
Fox Point/Bayside/River Hills Herald,No URL Found
Franklin Hub,No URL Found
Inter-County Leader,No URL Found
Crawford County Independent,No URL Found
Germantown Banner Press,No URL Found
Glendale Herald,No URL Found
The Tribune Press Reporter,No URL Found
Burnett County Sentinel,No URL Found
Green Bay Press-Gazette,http://greenbaypressgazette.com/
Green Lake County Reporter,No URL Found
Greendale Village Life,No URL Found
Greenfield Observer,No URL Found
Hales Corners Village Hub,No URL Found
Lake Country Reporter,No URL Found
Hillsboro Sentry-Enterprise,No URL Found
Holmen Courier,No URL Found
Hudson Star-Observer,No URL Found
Iron County Miner,No URL Found
The Gazette,https://www.gazettextra.com/
Janesville Messenger,No URL Found
Times Villager,No URL Found
Kenosha News,No URL Found
Kewaskum Statesman,No URL Found
The Kewaunee Enterprise,No URL Found
Tri-County News,http://www.iwantthenews.com
La Crosse Tribune,https://lacrossetribune.com/
Union Herald[6],Unhandled
Lake Geneva Regional News,No URL Found
Walworth County Sunday,No URL Found
The Lake Mills Leader[7],Unhandled
Grant County Herald Independent,No URL Found
The Lodi Enterprise[8],Unhandled
Enterprise Press,No URL Found
The Luxemburg News,No URL Found
The Badger Herald,http://badgerherald.com/
The Capital Times,https://captimes.com/
The Daily Cardinal,http://www.dailycardinal.com/
Isthmus,http://www.isthmus.com
The Madison Misnomer,No URL Found
Wisconsin State Journal,http://host.madison.com/wsj/
Manitowoc Herald Times Reporter,http://www.htrnews.com/
Marinette,URL Not Found
Markesan Regional Reporter,No URL Found
Hub City Times,No URL Found
Marshfield News-Herald,No URL Found
Juneau County Star-Times,No URL Found
The McFarland Thistle[9],Unhandled
Star News,No URL Found
Mellen Weekly Record,No URL Found
Menomonee Falls News,No URL Found
The Dunn County News,No URL Found
Mequon-Thiensville Courant,No URL Found
Merrill Foto News,No URL Found
Middleton Times-Tribune,No URL Found
Milton Courier,No URL Found
El Conquistador Latino Newspaper,No URL Found
Milwaukee Journal Sentinel,http://www.jsonline.com/
Shepherd Express,http://www.shepherdexpress.com/
Spanish Journal,No URL Found
UWM Post,http://uwmpost.com/
The Democrat Tribune,No URL Found
Monroe Times,No URL Found
The Marquette County Tribune,No URL Found
Post Messenger,No URL Found
Mount Horeb Mail,No URL Found
Mukwonago Chief,http://www.livinglakecountry.com/mukwonagochief/
Muskego Sun,No URL Found
The Clark County Press,No URL Found
New Berlin Citizen,No URL Found
New Glarus Post Messenger Recorder,No URL Found
New London Press Star,No URL Found
Oak Creek Pictorial,No URL Found
Oconomowoc Focus,No URL Found
Oconto County Reporter,No URL Found
Omro Herald,No URL Found
Onalaska Community Life,No URL Found
The Oregon Observer,No URL Found
Country Messenger,No URL Found
The Osceola Sun,No URL Found
Oshkosh Northwestern,URL Not Found
Oshkosh Herald,No URL Found
Tri-County News,No URL Found
The Platteville Journal,No URL Found
Plymouth Review,No URL Found
Portage Daily Register,No URL Found
The Poynette Press[10],Unhandled
Courier Press,No URL Found
Princeton Times-Republic,No URL Found
Journal Times,https://journaltimes.com/
Neighbors,No URL Found
Reedsburg Independent,No URL Found
Reedsburg Times-Press,No URL Found
The North Star Journal,No URL Found
Rhinelander Daily News,http://www.rhinelanderdailynews.com/
The Chronotype,No URL Found
The Richland Observer,No URL Found
River Falls Journal,No URL Found
Standard-Press,No URL Found
St. Francis Reminder-Enterprise,No URL Found
Sauk Prairie Eagle,No URL Found
Sauk Prairie Star,No URL Found
Seymour Times-Press,No URL Found
Shawano Leader,No URL Found
Sheboygan Press,http://www.sheboyganpress.com
Washburn County Register,No URL Found
Your News In Shiocton,No URL Found
Shorewood Herald,No URL Found
South Milwaukee Voice Graphic,No URL Found
Stanley Republican,No URL Found
Stevens Point City Times[11],Unhandled
Portage County Gazette[12],Unhandled
Stevens Point Journal,No URL Found
Stoughton Courier Hub,No URL Found
Door County Advocate,No URL Found
Sun Prairie Star,No URL Found
Superior Telegram,No URL Found
Sussex Sun,No URL Found
The Tomah Journal,No URL Found
Tomah Monitor Herald,No URL Found
Tomahawk Leader,No URL Found
The Times,No URL Found
Westosha Report,No URL Found
Westine Report,No URL Found
Valders Journal,No URL Found
The Verona Press,No URL Found
Vernon County Broadcaster,No URL Found
The Times,No URL Found
Walworth County Sunday],No URL Found
Waterford Post,No URL Found
The Courier[13],Unhandled
Watertown Daily Times,http://watertowndailytimes.com/
Waukesha Freeman,No URL Found
The Waunakee Tribune[14],Unhandled
City Pages,No URL Found
Wausau Daily Herald,http://www.wausaudailyherald.com/
Waushara Argus,No URL Found
Wauwatosa News Times,No URL Found
West Allis Star,No URL Found
West Bend Daily News,No URL Found
The Coulee News,No URL Found
Westby Times,No URL Found
Whitefish Bay Herald,No URL Found
Whitehall Times,No URL Found
Whitewater Register,No URL Found
Winneconne News,No URL Found
Wisconsin Dells Events,No URL Found
Wisconsin Rapids,URL Not Found
Wisconsin Rapids City Times,No URL Found
