Annapolis Gazette,https://www.capitalgazette.com/
Cumberland Times-News,https://www.times-news.com/
Star-Democrat/Sunday Star,https://www.stardem.com/
Frederick News-Post (FNP),https://www.fredericknewspost.com/
Herald-Mail,https://www.heraldmailmedia.com/
Carroll County Times,https://www.baltimoresun.com/maryland/carroll/
Bay Weekly,https://bayweekly.com/
Bayside Gazette,https://baysideoc.com/
Kent County News,https://www.myeasternshoremd.com/kent_county_news/
County Times,https://www.csctimes.com/
Business Monthly,https://www.bizmonthly.com/
Guilford Gazette,https://www.guilfordgazette.com/
Dundalk Eagle,https://www.dundalkeagle.com/
The Kent Island Bay Times,https://www.myeasternshoremd.com/qa/bay_times/
Cecil Whig,https://www.cecildaily.com/
Catoctin Banner,https://www.thecatoctinbanner.com/
Greenbelt News Review,https://www.greenbeltnewsreview.com/
Republican,https://www.wvnews.com/garrettrepublican/
Dispatch,https://mdcoastdispatch.com/
Montgomery County Sentinel,https://www.thesentinel.com/
Shore Update,https://www.shoreupdate.com/
Prince George's Post,http://www.pgpost.com/
Diamondback,https://dbknews.com/
Greyhound,http://thegreyhound.org/
News Letter,https://www.jhunewsletter.com/
Retriever,https://retriever.umbc.edu/
MD-DE-DC Press Association,http://www.mddcpress.com/
The Aegis,http://www.theaegis.com
Baltimore Afro-American,https://afro.com/
Baltimore Banner,https://www.thebaltimorebanner.com/
The Baltimore Business Journal,http://acbj.com/
The Baltimore Sun,https://www.baltimoresun.com/
The Capital,http://www.capitalgazette.com/
The Daily Record,http://www.thedailyrecord.com
The Frederick News-Post,http://FrederickNewsPost.com
The Epoch Times,http://theepochtimes.com
Herald Mail,http://www.heraldmailmedia.com
The Star Democrat,http://www.stardem.com/
Las Américas Newspaper,MISSING
Bethesda Journal,MISSING
Bowie Blade,MISSING
The Calvert Recorder,MISSING
Columbia Flier,MISSING
Enquirer-Gazette,MISSING
The Enterprise,MISSING
Maryland Independent,MISSING
The Maryland Coast Dispatch,MISSING
The Prince George’s Sentinel,MISSING
The Record-Observer,MISSING
The Times-Record,MISSING
The Valley Citizen,MISSING
Maryland Gazette,MISSING
Capital Gazette,http://www.capitalgazette.com/
Baltimore Afro American,http://www.afro.com/
Baltimore Business Journal,http://www.bizjournals.com/baltimore/
Baltimore Chronicle,http://baltimorechronicle.com/
Baltimore City Paper,http://www.citypaper.com/
Baltimore Sun,http://www.baltimoresun.com/
Baltimore Times,http://baltimoretimes-online.com/
Daily Record,http://thedailyrecord.com/
Post-Examiner,http://baltimorepostexaminer.com/
Aegis,http://www.baltimoresun.com/news/maryland/harford/aegis/
Dorchester Star,http://www.myeasternshoremd.com/
Catonsville Times,http://www.baltimoresun.com/news/maryland/baltimore-county/catonsville/
Queen Anne's Record-Observer,http://www.myeasternshoremd.com/eedition/record_observer/
County Gazette,http://www.capitalgazette.com/crofton_westcounty/
Caroline County Times-Record,http://www.myeasternshoremd.com/
Star Democrat,http://www.stardem.com/
Advocate of Eldersburg & Sykesville,http://www.carrollcountytimes.com/news/sykesville/
News-Journal,http://www.emmitsburg.com/
Avenue News,http://www.avenuenews.com/
East County Times,http://www.eastcountytimesonline.com/
Frederick News-Post,http://www.fredericknewspost.com/
Delaware Coast Press,http://www.delmarvanow.com/news/delaware/
delmarvanow.com,http://www.delmarvanow.com/news/virginia/
Havre de Grace Record,http://thedailyrecord.com/tag/havre-de-grace/
Laurel Leader,http://www.baltimoresun.com/news/maryland/howard/laurel/
Enterprise,http://www.somdnews.com/enterprise/
Middletown Valley Citizen,http://www.citizennewspapers.com/
Republican Newspaper,http://www.therepublicannews.com/
Maryland Coast Dispatch,http://mdcoastdispatch.com/
Ocean City Today,http://www.oceancitytoday.net/
Owings Mills Times,http://www.baltimoresun.com/news/maryland/baltimore-county/owings-mills/
Calvert Recorder,http://www.somdnews.com/recorder/
Delmarvanow,http://www.delmarvanow.com/
Sentinel Newspapers,http://www.thesentinel.com/
Kent Island Bay Times,http://www.myeasternshoremd.com/
Takoma Voice,http://takomavoice.com/
Towson Times,http://www.baltimoresun.com/news/maryland/baltimore-county/towson-times/
Advocate of Westminster & Finksburg,http://www.carrollcountytimes.com/news/westminster/
Community Times,http://www.carrollcountytimes.com/publications/community_times/
