Sun Herald,https://www.sunherald.com/
Leader,https://www.dailyleader.com/
Bolivar Commercial,https://bolivarcommercial.com/
Commercial Dispatch,https://www.cdispatch.com/
Corinthian,http://www.dailycorinthian.com/
Delta Democrat Times,https://www.ddtonline.com/
Commonwealth,https://www.gwcommonwealth.com/
Hattiesburg American,https://www.hattiesburgamerican.com/
Clarion-Ledger,https://www.clarionledger.com/
Enterprise-Journal,http://www.enterprise-journal.com/
Meridian Star,https://www.meridianstar.com
Natchez Democrat,https://www.natchezdemocrat.com/
Oxford Eagle,https://www.oxfordeagle.com/
Picayune Item,https://www.picayuneitem.com/
Starkville Daily News,https://www.starkvilledailynews.com/
NE Mississippi Daily Journal,https://www.djournal.com/
Vicksburg Post,https://www.vicksburgpost.com/
Times Leader,https://www.dailytimesleader.com/
Monroe Journal,https://www.djournal.com/monroe/
Panolian,https://www.panolian.com/
Sea Coast Echo,https://www.seacoastecho.com/
Belzoni Banner,http://thebelzonibanner.com/
Gulf Coast News,http://www.gulfcoastnews.com/
Gulf Pine Catholic,https://www.biloxidiocese.org/
Rankin County News,https://www.rankincn.com/
Calhoun County Journal,https://calhouncountyjournal.com/
Conservative,https://www.winonatimes.com/
Carthaginian,https://www.thecarthaginian.com/
Clarksdale Press-Register,https://www.pressregister.com/
Clinton Courier,https://www.theclintoncourier.net/
Columbian-Progress,https://www.columbianprogress.com/
Meteor,http://themeteor.com/
Kemper County Messenger,http://kempercountymessenger.com/
Scott County Times,https://www.sctonline.net/
GrenadaStar,https://www.grenadastar.com/
Copiah County Courier,https://www.copiahcountycourier.com/
DeSoto Times-Tribune,http://www.desototimes.com/
South Reporter,https://www.southreporter.com/
Chickasaw Journal,https://www.djournal.com/chickasaw/
Enterprise-Tocsin,https://www.enterprise-tocsin.com/
Jackson Advocate,http://www.jacksonadvocateonline.com/
Mississippi Business Journal,http://msbusiness.com/
Mississippi Catholic,https://www.mississippicatholic.com/
Jackson Free Press,http://www.jacksonfreepress.com/
Mississippi Link,http://themississippilink.com/
Northside Sun,https://www.northsidesun.com/
Star-Herald,https://www.starherald.net/
Laurel Leader-Call,https://www.leader-call.com/
Greene County Herald,https://www.greenecountyheraldonline.com/
Holmes County Herald,https://www.holmescountyherald.com/
Winston County Journal,https://www.redhillsmsnews.com/
George County Times,https://www.gctimesonline.com/
Magee Courier,https://www.simpsoncounty.ms/
Franklin Advocate,https://www.franklinadvocate.com/
Lawrence County Press,https://www.lawrencecountypress.com/
New Albany Gazette,https://www.djournal.com/new-albany/
Neshoba Democrat,http://neshobademocrat.com/
Pontotoc,https://www.djournal.com/pontotoc/
Prentiss Headlight,https://www.prentissheadlight.com/
La Noticia MS,http://www.lanoticianewspaper.com/
Spanish,/usa/spanish/
Madison County Journal,http://onlinemadison.com/
Southern Sentinel,https://www.djournal.com/tippah/
Tunica Times,http://tunicatimes.com/
Lee County Courier,http://www.leecountycourier.net/
Newton County Appeal,https://www.newtoncountyappeal.com/
North Mississippi Herald,https://www.yalnews.com/
Wayne County News,https://www.thewaynecountynews.com/
Stone County Enterprise,https://www.stonecountyenterprise.com/
Daily Mississippian,https://thedmonline.com/
Reflector,http://www.reflector-online.com/
Student Printz,http://www.studentprintz.com/
Mississippi Press Association,https://www.mspress.org/
Clarksdale Press Register,https://www.pressregister.com/
Delta Democrat-Times,http://www.ddtonline.com
Northeast Mississippi Daily Journal,http://djournal.com/
The Daily Mississippian,http://www.thedmonline.com/
The Reflector,http://www.reflector-online.com
Biloxi-D'Iberville Press,MISSING
Choctaw Plaindealer,http://choctawplaindealer.com/
Southern Advocate,http://djournal.com/tippah/
Biloxi D'Iberville Press,http://biloxi-diberville-press.com/
Carrollton Conservative,http://winonatimes.com/
Charleston Sun-Sentinel,http://tallahatchienews.ms/
Press Register,http://www.pressregister.com/
Cleveland Current,http://www.theclevelandcurrent.com/
Clarion-Ledger Hinds County,http://www.clarionledger.com/news/hinds-county/
Columbian Progress,http://columbianprogress.com/
Columbus Packet,http://packet-media.com/
Daily Corinthian,http://www.dailycorinthian.com/
Crystal Springs Meteor,http://themeteor.com/
Webster Progress Times,http://websterprogresstimes.com/
Rankin Ledger,http://www.clarionledger.com/news/rankin-county/
Itawamba County Times,http://djournal.com/itawamba/
Greenwood Commonwealth,http://www.gwcommonwealth.com/
Daily Star,http://www.grenadastar.com/
Lamar Times,http://hubcityspokes.com/lamar-times
DeSoto Times Tribune,http://www.desototimes.com/
Jackson Northside Sun,http://northsidesun.com/
Star Herald,http://starherald.net/
Leader-Call,http://leader-call.com/
Leland Progress,http://www.thelelandprogress.com/
Madison Clarion-Ledger,http://www.clarionledger.com/news/madison-county/
Magnolia Gazette,http://www.magnoliagazette.com/
Miss-Lou Magazine,http://www.missloumagazine.com/
Ocean Springs Record,http://osrecord.com/
Mississippi Press,http://www.gulflive.com/mississippipress/
Gazebo Gazette,http://www.gazebogazette.com/
Pontotoc Progress,http://djournal.com/pontotoc/
Clarke County Tribune,http://clarkecountytrib.com/
Smith County Reformer,http://impact360.ms/pages/scr
Tate Record,http://www.taterecord.com/
Northeast Mississippi Journal,http://djournal.com/
Wayne Co. News,http://thewaynecountynews.com/
Daily Times Leader,http://www.dailytimesleader.com/
Yazoo Herald,http://yazooherald.net/
