Boonville Daily News,https://www.boonvilledailynews.com/
Tri-Lakes Daily News,http://bransontrilakesnews.com/
Southeast Missourian,http://www.semissourian.com/
Constitution-Tribune,https://www.chillicothenews.com/
Columbia Tribune,https://www.columbiatribune.com/
Courier-Post,https://www.hannibal.net/
Independence Examiner,https://www.examiner.net/
News-Tribune,http://www.newstribune.com/
Joplin Globe,https://www.joplinglobe.com/
Kansas City Star,https://www.kansascity.com/
Dunklin Democrat,http://www.dddnews.com/
Kirksville Express,https://www.kirksvilledailyexpress.com/
Laclede Record,http://www.laclederecord.com/
Democrat-News,https://www.marshallnews.com/
Maryville Daily Forum,http://www.maryvilleforum.com/
Mexico Ledger,https://www.mexicoledger.com/
Monitor-Index,https://www.moberlymonitor.com/
Monett Times,https://www.monett-times.com/
Neosho Daily News,https://www.neoshodailynews.com/
Nevada Daily Mail,https://www.nevadadailymail.com/
Daily Journal,https://dailyjournalonline.com/
Daily American Republic,http://www.darnews.com/
Rolla Daily News,https://www.therolladailynews.com/
News-Leader,https://www.news-leader.com/
News-Press,https://www.newspressnow.com/
Post-Dispatch,https://www.stltoday.com/
Ashland Boone County Journal,http://bocojo.com/
Aurora Advertiser,https://www.auroraadvertiser.net/
Republican-Clipper,https://www.bethanyclipper.com/
Bolivar Herald-Free Press,https://bolivarmonews.com/
Bowling Green Times,https://www.pikecountynews.com/
People's Tribune,http://thepeoplestribune.com/
Linn County Leader,https://www.linncountyleader.com/
Buffalo Reflex,https://buffaloreflex.com/
California Democrat,http://www.californiademocrat.com/
Lake News Online,https://www.lakenewsonline.com/
Centralia Fireside Guard,http://www.firesideguard.com/
Maneater,https://www.themaneater.com/
Arnold-Imperial Leader,https://www.myleaderpaper.com/
Ozark County Times,http://www.ozarkcountytimes.com/
Democrat-Missourian,https://www.kansascity.com/news/local/community/cass-county-demo/
Cash-Book Journal,https://www.thecash-book.com/
Pitch,https://pitch.com/
Home Press,https://www.maconhomepress.com/
Lee's Summit Journal,https://www.kansascity.com/news/local/community/lsjournal/
Marshfield Mail,https://marshfieldmail.com/
Republic-Monitor,http://www.perryvillenews.com/
Wayne County Journal-Banner,https://www.waynecojournalbanner.com/
Standard Democrat,http://standard-democrat.com/
News-Press,http://www.stjoenews-press.com/
Business Journal,https://www.bizjournals.com/stlouis/
Community News,https://mycnews.com/
Missouri Lawyers Weekly,https://molawyersmedia.com/
Riverfront Times,https://www.riverfronttimes.com/
South County Times,https://www.timesnewspapers.com/southcountytimes/
West End Word,https://www.timesnewspapers.com/westendword/
Missourian,http://www.emissourian.com/
Columbia Missourian,https://www.columbiamissourian.com/
Missouri Press Association,https://mopress.com/
Chronicle Herald,https://www.saltwire.com/halifax/
Columbia Daily Tribune,http://www.columbiatribune.com/
Constitution Tribune,http://www.chillicothenews.com
Hannibal Courier-Post,http://www.hannibal.net/
Jefferson City News Tribune,http://www.newstribune.com/
Kirksville Daily Express,http://www.kirksvilledailyexpress.com/
Lake Sun Leader,http://www.lakenewsonline.com/
Marshall Democrat-News,http://www.marshallnews.com/
Moberly Monitor Index,http://www.moberlymonitor.com/
Mound City News,http://www.moundcitynews.com/
Sedalia Democrat,http://www.sedaliademocrat.com/
Springfield News-Leader,http://www.news-leader.com
St. Joseph News-Press,http://www.newspressnow.com/
St. Louis Post-Dispatch,http://www.stltoday.com
The Beacon (Kansas City),https://thebeacon.media/
The Daily Guide,http://www.waynesvilledailyguide.com/
The Daily Star-Journal,http://WarrensburgStarJournal.com
The Kansas City Star,http://www.kansascity.com
The Mexico Ledger,https://mexicoledger.com/
The New Evening Whirl,http://thewhirlonline.com/
Tipton Times,https://www.vernonpublishing.com/Times/News
Belle Banner,MISSING
Bland Courier,MISSING
Bates County Messenger,http://www.messengerweekly.net/
Greene County Commonwealth,http://www.greenecountycommonwealth.com/
Boone County Journal,http://bocojo.com/
Douglas County Herald,https://douglascountyherald.com/
Daily News,http://www.boonvilledailynews.com/
Branson Tri-Lakes News,http://bransontrilakesnews.com/
News Xpress,http://www.yourxgroup.com/
Enterprise,http://www.caboolenterprise.com/
Citizen Observer,http://mycameronnews.com/
Press-News Journal,https://www.lewispnj.com/
Carthage Press,http://www.carthagepress.com/
Democrat Argus,http://democratargus.com/
Barry County Advertiser,http://www.4bcaonline.com/
Democrat,http://www.cassville-democrat.com/
Fireside Guard,http://www.firesideguard.com/
Enterprise-Courier,http://www.enterprisecourier.com/
Mississippi County Times,http://www.misscotimes.com/
Mid Rivers Newsmagazine,http://midriversnewsmagazine.com/
Concordian,http://www.theconcordianonline.com/
Chinese American News,http://scanews.com/
Cuba Free Press,http://www.threeriverspublishing.com/TRP3/index.php?option=com_content&view=category&layout=blog&id=
Dixon Pilot,http://www.dixonpilot.com/
Edina Sentinel,http://nemonews.net/
El Dorado Springs Sun,http://eldoradospringsmo.com/
Eldon Advertiser,https://www.vernonpublishing.com/Advertiser/
Vernon Publishing Newspapers,https://www.vernonpublishing.com/
Reynolds County Courier,http://www.waynecojournalbanner.com/reynolds_county/
Elsberry Democrat,http://www.elsberrydemocrat.com/
Shannon County Current Wave,http://www.shannoncountycurrentwave.com/
Farmington Press,http://dailyjournalonline.com/farmington-press/
Advertiser and Democrat,http://www.fayettenewspapers.com/
FloValley News,http://www.flovalleynews.com/
Democrat News,http://dailyjournalonline.com/democrat-news/
Fulton Sun,http://www.fultonsun.com/
Gallatin North Missourian,http://gallatinnorthmissourian.com/
Jackson County Advocate,http://www.jcadvocate.com/
Herald,http://www.stegenherald.com/
Vedette,https://www.greenfieldvedette.com/
Caldwell County News,http://www.mycaldwellcounty.com/
Hermann Advertiser Courier,http://www.hermannadvertisercourier.com/
Hickory County Index,https://www.vernonpublishing.com/Index/News
Houston Herald,http://www.houstonherald.com/
Examiner,http://www.examiner.net/
Mountain Echo,http://www.myironcountynews.com/
News Tribune,http://www.newstribune.com/
Joplin Independent,http://www.joplinindependent.com/
Regional Business Journal,https://jrbj.biz/
Dos Mundos,http://dosmundos.com/
Hispanic News,http://www.kchispanicnews.com/
Ingrams,http://ingrams.com/
Kansas City Call,http://www.kccall.com/
Kansas City Northeast News,http://northeastnews.net/
Kearney Courier,http://www.kearneycourier.com/
Daily Dunklin Democrat,http://www.dddnews.com/
Daily Express,http://www.kirksvilledailyexpress.com/
Christian County Headliner,http://ccheadliner.com/
Lake Today,http://www.thelaketoday.com/
Lamar Democrat,https://www.lamardemocrat.com/
Lebanon Daily Record,http://www.lebanondailyrecord.com/
Lee's Summit Tribune,http://lstribune.net/
Liberty Tribune,http://www.libertytribune.com/
Licking News,http://www.thelickingnews.com/
Louisiana Press Journal,http://www.louisianapressjournal.com/
Delta News-Citizen,http://www.deltanewscitizen.com/
Mansfield Mirror-Republican,http://www.mansfieldmirror.com/
Warren County Record,http://www.warrencountyrecord.com/
Nodaway News Leader,http://www.nodawaynews.com/
Memphis Democrat,http://www.memphisdemocrat.com/
Lake Gazette,http://www.lakegazette.net/
News-Journal,http://www.news-journal.net/
Mountain View Standard,http://www.mountainviewstandard.com/
New Haven Banner,http://www.newhavenbanner.com/
Ralls County Herald-Enterprise,https://www.rallshe.com/
Nixa Enterprise,http://ccheadliner.com/nixa/
Salem News,http://www.thesalemnewsonline.com/
Focus on Oak Grove,http://www.theodessan.net/
Odessa Odessan,http://www.theodessan.net/
Gasconade County Republican,http://www.gasconadecountyrepublican.com/
Palmyra Spectator,http://www.palmyra-spectator.com/
Monroe County Appeal,https://www.monroecountyappeal.com/
McDonald County Press,http://mdcp.nwaonline.com/
Landmark Newspaper,http://www.plattecountylandmark.com/
Platte County Citizen,http://www.plattecountycitizen.com/
Clinton County Leader,http://www.clintoncountyleader.com/
Pleasant Hill Times,http://www.phtimes.net/
Portageville Missourian-News,http://www.pvmonews.com/
Potosi Independent-Journal,http://www.theijnews.com/
Raytown-Brooking Eagle,http://www.raytowneagle.com/news/
Richmond News,http://www.richmond-dailynews.com/
Atchison County Mail,http://farmerpublishing.com/
Marshfield Mail South County,http://marshfieldmail.com/rogersville/
Seneca News-Dispatch,http://www.thenewsdispatch.net/
Webster County Citizen,http://www.webstercountycitizen.com/
Smithville Herald,http://www.smithvilleherald.com/
Community Free Press,http://www.cfpmidweek.com/
Missouri Farmer Today,http://www.missourifarmertoday.com/
Voice of the Ozarks,http://www.voiceoftheozarks.net/
St. Louis American,http://www.stlamerican.com/
St. Louis Business Journal,http://www.bizjournals.com/stlouis/
Suburban Journals,http://www.stltoday.com/suburban-journals/
Vital VOICE,http://www.thevitalvoice.com/
Pulaski County Mirror,http://www.pulaskicountymirror.com/
Star-Mirror,http://www.threeriverspublishing.com/TRP3/index.php?option=com_content&view=category&layout=blog&id=
Cedar Republican,http://cedarrepublican.com/
Sullivan Independent News,http://www.mysullivannews.com/
Summersville Beacon,http://www.summersvillebeacon.com/
Republican Times,http://republican-times.com/
Lincoln County Journal,http://www.lincolncountyjournal.com/
Unionville Republican,http://www.unionvillerepublicanonline.com/
Vandalia Leader,http://www.vandalialeader.com/
Daily Star-Journal,http://www.dailystarjournal.com/
digitalBURG.com,https://digitalburg.com/
Benton County Enterprise,http://www.bentoncountyenterprise.com/
Washington Missourian,http://www.emissourian.com/
Daily Guide,http://www.waynesvilledailyguide.com/
Times Newspapers,http://www.websterkirkwoodtimes.com/
West Plains Daily Quill,http://www.westplainsdailyquill.net/
Weston Chronicle,http://www.plattechronicle.com/
