Billings Gazette,https://billingsgazette.com/
Chronicle,https://www.bozemandailychronicle.com/
Montana Standard,https://mtstandard.com/
Great Falls Tribune,https://www.greatfallstribune.com/
Ravalli Republic,https://ravallirepublic.com/
Havre Daily News,https://www.havredailynews.com/
Helena Independent Record,https://helenair.com/
Inter Lake,https://www.dailyinterlake.com/
Livingston Enterprise,https://www.livingstonenterprise.com/
Miles City Star,https://www.milescitystar.com/
Missoulian,https://missoulian.com/
Fallon County Times,https://www.falloncountyextra.com/
Belgrade News,http://www.belgrade-news.com/
Explore Big Sky,http://www.explorebigsky.com/
Lone Peak Lookout,http://www.lonepeaklookout.com/
Pioneer,https://www.bigtimberpioneer.net/
Billings Times,https://billingstimes.net/
Thrifty Nickel,http://billingsthriftynickel.com/
Boulder Monitor,https://www.boulder-monitor.com/
Glacier Reporter,http://www.cutbankpioneerpress.com/glacier_reporter/
Liberty County Times,http://libertycountytimes.net/
Choteau Acantha,http://www.choteauacantha.com/
Hungry Horse News,https://www.hungryhorsenews.com/
Stillwater County News,https://www.stillwatercountynews.com/
Cut Bank Pioneer Press,http://www.cutbankpioneerpress.com/cut_bank_pioneer_press/
Dillon Tribune,https://www.dillontribune.com/
The Madisonian,http://www.madisoniannews.com/
Tobacco Valley News,https://tobaccovalleynews.com/
Fairfield Sun Times,https://www.fairfieldsuntimes.com/
The River Press,http://www.riverpressnews.com/
Glasgow Courier,https://www.glasgowcourier.com/
Glendive Ranger-Review,https://www.rangerreview.com/
Prairie Star,https://www.agupdate.com/theprairiestar/
Big Horn County News,https://www.bighorncountynews.com/
Yellowstone County News,https://www.yellowstonecountynews.com/
Flathead Beacon,https://flatheadbeacon.com/
Laurel Outlook,https://www.laureloutlook.com/
Lewistown News-Argus,https://www.lewistownnews.com/
Western News,https://www.thewesternnews.com/
Blackfoot Valley Dispatch,https://www.blackfootvalleydispatch.com/
Phillips County News,https://www.phillipscountynews.com/
Char-Koosta News,http://www.charkoosta.com/
Philipsburg Mail,http://www.pburgmail.com/
Clark Fork Valley Press / Mineral Independent,https://www.vp-mi.com/
Lake County Leader,https://www.leaderadvertiser.com/
Carbon County News,https://www.carboncountynews.com/
Local Rag,http://localrag.com/
Valley Journal,http://www.valleyjournal.net/
Daniels County Leader,http://www.danielscountyleader.com/
Seeley Swan Pathfinder,https://www.seeleylake.com/
Shelby Promoter,http://www.cutbankpioneerpress.com/shelby_promoter/
Roundup,https://www.roundupweb.com/
Sidney Herald-Leader,https://www.sidneyherald.com/
Bitterroot Star,https://bitterrootstar.com/
Sanders County Ledger,https://www.scledger.net/
Whitefish Pilot,https://www.whitefishpilot.com/
Meagher County News,http://www.meagher-county-news.com/
Whitehall Ledger,https://www.whitehallledger.com/
Montana Kaimin,http://www.montanakaimin.com/
Bozeman Daily Chronicle,http://bozemandailychronicle.com
The Exponent,http://www.purdueexponent.org/
Independent Record,https://helenair.com/
The Local Rag,http://localrag.com
The Missoula Independent,http://www.missoulanews.bigskypress.com/
Montana Free Press,https://montanafreepress.org/
The Mountaineer,http://www.themountaineer.com
Sidney Herald,http://www.sidneyherald.com
West Yellowstone News,http://www.westyellowstonenews.com
The Western News,http://www.thewesternnews.com/
Anaconda Leader,MISSING
Yellowstone Net Newspaper,http://yellowstone.net/newspaper
Big Timber Pioneer,http://bigtimberpioneer.net/
Bigfork Eagle,http://www.bigforkeagle.com/
Cascade Courier,http://www.cascademontana.com/courier.htm
Independent-Observer,http://www.theindependentobserver.com/
Silver State Post,http://www.sspmt.com/
Missoula Independent,http://missoulanews.bigskypress.com/
Ennis Madisonian,http://www.madisoniannews.com/
Fort Benton River Press,http://www.riverpressnews.com/
Ranger Review,http://www.rangerreview.com/
Daily Inter Lake,http://www.dailyinterlake.com/
Clark Fork Valley Press,http://www.vp-mi.com/
Carbon County News Online,http://carboncountynews.com/
Red Lodge Local Rag,http://localrag.com/
Pathfinder,http://www.seeleylake.com/
Sidney Roundup,http://www.roundupweb.com/
Terry Tribune,http://www.terrytribune.com/
Valierian,http://www.cutbankpioneerpress.com/the_valierian/
Wolf Point Herald,http://www.wolfpointherald.com/
