Berlin Daily Sun,https://www.conwaydailysun.com/berlin_sun/
Concord Monitor,https://www.concordmonitor.com/
Foster's Daily Democrat,https://www.fosters.com/
Sentinel,https://www.sentinelsource.com/
Laconia Daily Sun,https://www.laconiadailysun.com/
Telegraph,http://www.nashuatelegraph.com/
Conway Daily Sun,https://www.conwaydailysun.com/
Union Leader,https://www.unionleader.com/
Portsmouth Herald,https://www.seacoastonline.com/
Amherst Citizen,http://www.amherstcitizen.com/
Eagle Times,https://www.eagletimes.com/
Colebrook Chronicle,https://colebrookchronicle.weebly.com/
News and Sentinel,http://www.colbsent.com/
Concord Insider,https://www.theconcordinsider.com/
Derry News,https://www.derrynews.com/
Exeter News-letter,https://www.seacoastonline.com/ExeterNewsLetter
Carriage Towne News,https://www.carriagetownenews.com/
Londonderry Times,http://londonderrytimes.net/
Nutfield News,http://www.nutpub.net/
Tri-Town Times,http://tritowntimes.net/
Hippo Press,http://www.hippopress.com/
New Hampshire Business Review,https://www.nhbr.com/
Cabinet Press,http://www.cabinet.com/
Bridge Weekly,http://www.thebridgeweekly.com/
Intertown Record,https://www.intertownrecord.com/
Merrimack Valley Voice,http://www.merrimackvalleyvoice.com/
Monadnock Ledger-Transcript,https://www.ledgertranscript.com/
New Hampshire Gazette,http://www.nhgazette.com/
York Weekly,https://www.seacoastonline.com/YorkWeekly
Raymond Area News,http://www.raymondareanews.com/
Rumbo,http://rumbonews.com/
Northcountry News,http://www.northcountrynewsnh.com/
Valley News,https://www.vnews.com/
Granite State News,http://www.newhampshirelakesandmountains.com/
Dartmouth,https://www.thedartmouth.com/
Dartmouth Review,http://dartreview.com/
Clock Online,http://www.theclockonline.com/
Alton Baysider,http://www.newhampshirelakesandmountains.com/118968.113119body.lasso?publication=BAY
Fosters Daily Democrat,http://www.fosters.com/
Bedford Journal,http://www.cabinet.com/cp/bedfordjournal/
Berlin Reporter,http://www.newhampshirelakesandmountains.com/
Bow Times,http://thebowtimes.com/news/
Claremont Eagle Times,http://www.eagletimes.com/
Carriage Town News,http://www.carriagetownenews.com/
Merrimack Journal,http://www.cabinet.com/cp/merrimackjournal/
Exeter News-Letter,http://www.seacoastonline.com/ExeterNewsLetter
Goffstown News,http://www.newhampshire.com/section/newhampshire1409
Hampton Union,http://www.seacoastonline.com/HamptonUnion
Hollis Brookline Journal,http://www.cabinet.com/cp/hollisbrooklinejournal/
Hooksett Banner,http://www.newhampshire.com/section/newhampshire1410
Hudson-Litchfield News,http://www.areanewsgroup.com/
Keene Sentinel ,http://www.sentinelsource.com/
Weirs Times,http://www.theweirstimes.com/
Coos County Democrat,http://www.newhampshirelakesandmountains.com/118968.113119body.lasso?publication=LAN
Littleton Courier,http://www.newhampshirelakesandmountains.com/118968.113119body.lasso?publication=LIT
Meredith News,http://www.newhampshirelakesandmountains.com/118968.113119body.lasso?publication=MER
Pelham-Windham News,http://www.areanewsgroup.com/
Monadnock Ledger,http://www.ledgertranscript.com/
Plymouth Record Enterprise,http://www.newhampshirelakesandmountains.com/118968.113119body.lasso?publication=PLY
Rochester Times,http://www.fosters.com/rochester-times
Salem Community Patriot,http://www.areanewsgroup.com/
Salem Observer,http://www.newhampshire.com/section/newhampshire1411
