Standard,http://thesouthernstandard.com/
Daily Siftings Herald,http://www.siftingsherald.com/
Atkins Chronicle,http://www.atkinschronicle.com/
Arkansas Weekly,http://www.arkansasweekly.com/
Batesville Guard,http://guardonline.com/
El Tiempo Hispano,http://www.eltiempohispano.com/
Beebe News,http://beebenews.com/
Weekly Vista,http://bvwv.nwaonline.com/
Saline Courier,http://www.bentoncourier.com/
Democrat Gazette,http://www.nwaonline.com/
Carroll County Newspapers,http://www.carrollconews.com/
Courier News,http://www.blythevillecourier.com/
Booneville Democrat,http://boonevilledemocrat.com/
Central Delta Argus Sun,http://argussunonline.com/
Bryant Daily,http://www.bryantdaily.com
Cabot Star-Herald,http://lonokenews.net/cabot-star-herald
White River Current,http://www.whiterivercurrent.com/
Camden News,http://www.camdenarknews.com/
Carlisle Independent,http://lonokenews.net/carlisle-independent
Charleston Express,http://charlestonexpress.com/
Area Wide News,http://www.areawidenews.com/
Johnson County Graphic,http://www.thegraphic.org/
Van Buren County Democrat,http://www.vanburencountydem.com/
Log Cabin Democrat,http://thecabin.net/
Ashley News Observer,http://www.ashleynewsobserver.com
De Queen Bee,http://dequeenbee.com/
DeWitt Era-Enterprise,http://dewitt-ee.com/
Dover Times,http://www.atkinschronicle.com/
El Dorado News-Times,http://www.eldoradonews.com/
Eureka Springs Independent,http://eurekaspringsindependent.com/
Lovely County Citizen,http://www.lovelycitizen.com/
Fairfield Bay News,http://fairfieldbaynews.com/
Washington Co. Enterprise-Leader,http://wcel.nwaonline.com/
Fayetteville Free Weekly,http://www.freeweekly.com/
Northwest Arkansas Democrat Gazette,http://www.nwaonline.com/
Mountaineer Echo,http://www.flippinonline.com/
Times-Herald,http://www.thnews.com
Times-Record,http://swtimes.com/
Westside Eagle Observer,http://www.eagleobserver.com/
Greenwood Democrat,http://greenwooddemocrat.com/
Gurdon Times,http://www.thegurdontimes.com/
Nevada County Picayune,http://www.picayune-times.com/
Ashley County Ledger,http://www.ashleycountyledger.com/
Cleveland County Herald,http://www.clevelandcountyherald.com/
Harrison Daily Times,http://harrisondaily.com/
Grand Prairie Herald,http://www.herald-publishing.com
Sun-Times,http://www.thesuntimes.com/
Daily World,http://www.helena-arkansas.com/
Amigo Newspaper,http://www.amigonews.com/
Hope Star,http://www.hopestar.com/
Pacesetting Times,http://pacesettingtimesonline.com/
Sentinel-Record,http://www.hotsr.com/
Village Voice,http://www.hsvvoice.com/
Madison County Record,http://www.mcrecordonline.com
Jacksonville Patriot,http://pulaskinews.net/jacksonville-patriot
Leader,http://www.arkansasleader.com/
Newton County Times,http://newtoncountytimes.com/
Jonesboro Sun,http://www.jonesborosun.com/
Arkansas Business,http://www.arkansasbusiness.com/
Arkansas Democrat-Gazette,http://www.arkansasonline.com/
Arkansas Times,http://www.arktimes.com/
Daily Record,http://www.dailyrecord.us/
El Latino Arkansas,http://www.ellatinoarkansas.com/
Hola! Arkansas,http://hola-arkansas.com/
Lonoke Democrat,http://lonokenews.net/lonoke-democrat
Banner-News,http://www.magnoliabannernews.com/
Magnolia Reporter,http://www.magnoliareporter.com/
Malvern Daily Record,http://www.malvern-online.com/
Northeast Arkansas Town Crier,http://www.thetown-crier.com/
Maumelle Monitor,http://pulaskinews.net/maumelle-monitor
Woodruff Co. Monitor Leader Advocate,http://www.wcmla.net/
Times-News,http://www.themcgeheetimes.com/
Mena Star,http://www.menastar.com/
Advance Monticellonian,http://mymonticellonews.net/
Petit Jean Country Headlight,http://www.headlightnews.com/
Baxter Bulletin,http://www.baxterbulletin.com/
Stone County Leader,http://stonecountyleader.com/
Nashville Leader,http://swarkansasnews.com/
Southwest Arkansas News,http://swarkansasnews.com/
Newport Independent,http://www.newportindependent.com/
North Little Rock Times,http://pulaskinews.net/north-little-rock-times
Osceola Times,http://www.osceolatimes.com
Ozark Spectator,http://ozarkspectator.net/
Paragould Daily Press,http://www.paragoulddailypress.com/
Paris Express,http://paris-express.com/
Times of Northeast Benton County,http://tnebc.nwaonline.com/
Clay County Times Democrat,http://www.cctimesdemocrat.com/
Pine Bluff Commercial,http://pbcommercial.com/
Pocahontas Star Herald,http://starheraldnews.com/
Courier,http://www.couriernews.com/
Daily Citizen,http://www.thedailycitizen.com/
Sheridan Headlight,http://thesheridanheadlight.com/
Sherwood Voice,http://pulaskinews.net/sherwood-voice
Herald Leader,http://hl.nwaonline.com/
La Prensa Libre,http://www.laprensanwa.com/
Lafayette County Press,http://www.lafayettecountypress.com/
Daily Leader,http://www.stuttgartdailyleader.com/
Texarkana Gazette,http://www.texarkanagazette.com/
Democrat Tribune,http://www.democrattribune.com/
Press Argus-Courier,http://pressargus.com/
Waldron News,http://www.waldronnews.com/
Times Dispatch,http://www.thetd.com/
Evening Times,http://www.theeveningtimes.com/
White Hall Journal,http://www.whitehalljournal.com/
White Hall Progress,http://pbcommercial.com/white-hall
