Yellowstone Net Newspaper,http://yellowstone.net/newspaper
Fallon County Times,http://www.falloncountyextra.com/
Belgrade News,http://www.belgrade-news.com/
Explore Big Sky,http://www.explorebigsky.com/
Big Timber Pioneer,http://bigtimberpioneer.net/
Bigfork Eagle,http://www.bigforkeagle.com/
Billings Gazette,http://billingsgazette.com/
Boulder Monitor,http://boulder-monitor.com/
Bozeman Daily Chronicle,http://www.bozemandailychronicle.com/
Glacier Reporter,http://www.cutbankpioneerpress.com/glacier_reporter/
Montana Standard,http://mtstandard.com/
Cascade Courier,http://www.cascademontana.com/courier.htm
Liberty County Times,http://libertycountytimes.net/
Choteau Acantha,http://www.choteauacantha.com/
Hungry Horse News,http://www.hungryhorsenews.com/
Stillwater County News,http://www.stillwatercountynews.com/
Independent-Observer,http://www.theindependentobserver.com/
Cut Bank Pioneer Press,http://www.cutbankpioneerpress.com/cut_bank_pioneer_press/
Silver State Post,http://www.sspmt.com/
Dillon Tribune,http://www.dillontribune.com/
Independent Record,http://helenair.com/
Missoula Independent,http://missoulanews.bigskypress.com/
Missoulian,http://missoulian.com/
Ennis Madisonian,http://www.madisoniannews.com/
Tobacco Valley News,https://tobaccovalleynews.com/
Fairfield Sun Times,http://www.fairfieldsuntimes.com/
Fort Benton River Press,http://www.riverpressnews.com/
Glasgow Courier,http://www.glasgowcourier.com/
Ranger Review,http://www.rangerreview.com/
Great Falls Tribune,http://www.greatfallstribune.com/
Prairie Star,http://www.theprairiestar.com/
Ravalli Republic,http://ravallirepublic.com/
Big Horn County News,http://www.bighorncountynews.com/
Havre Daily News,http://www.havredailynews.com/
Daily Inter Lake,http://www.dailyinterlake.com/
Flathead Beacon,http://flatheadbeacon.com/
Laurel Outlook,http://www.laureloutlook.com/
Lewistown News-Argus,http://www.lewistownnews.com/
Western News,http://www.thewesternnews.com/
Livingston Enterprise,http://www.livingstonenterprise.com/
Phillips County News,http://www.phillipscountynews.com/
Miles City Star,http://www.milescitystar.com/
Char-Koosta News,http://www.charkoosta.com/
Philipsburg Mail,http://www.pburgmail.com/
Clark Fork Valley Press,http://www.vp-mi.com/
Lake County Leader,http://www.leaderadvertiser.com/
Carbon County News Online,http://carboncountynews.com/
Red Lodge Local Rag,http://localrag.com/
Pathfinder,http://www.seeleylake.com/
Shelby Promoter,http://www.cutbankpioneerpress.com/shelby_promoter/
Sidney Herald-Leader,http://www.sidneyherald.com/
Sidney Roundup,http://www.roundupweb.com/
Bitterroot Star,http://www.bitterrootstar.com/
Terry Tribune,http://www.terrytribune.com/
Sanders County Ledger,http://www.scledger.net/
Valierian,http://www.cutbankpioneerpress.com/the_valierian/
Whitefish Pilot,http://www.whitefishpilot.com/
Whitehall Ledger,http://www.whitehallledger.com/
Wolf Point Herald,http://www.wolfpointherald.com/
