Alton Baysider,http://www.newhampshirelakesandmountains.com/118968.113119body.lasso?publication=BAY
Fosters Daily Democrat,http://www.fosters.com/
Bedford Journal,http://www.cabinet.com/cp/bedfordjournal/
Berlin Daily Sun,http://www.berlindailysun.com/
Berlin Reporter,http://www.newhampshirelakesandmountains.com/
Bow Times,http://thebowtimes.com/news/
Tri-Town Times,http://tritowntimes.net/
Claremont Eagle Times,http://www.eagletimes.com/
Colebrook Chronicle,http://colebrookchronicle.weebly.com/
News and Sentinel,http://www.colbsent.com/
Concord Monitor,http://www.concordmonitor.com/
Derry News,http://www.derrynews.com/
Nutfield News,http://nutfieldnews.net/
Carriage Town News,http://www.carriagetownenews.com/
Merrimack Journal,http://www.cabinet.com/cp/merrimackjournal/
Exeter News-Letter,http://www.seacoastonline.com/ExeterNewsLetter
Goffstown News,http://www.newhampshire.com/section/newhampshire1409
Tri-Town Times,http://tritowntimes.net/
Hampton Union,http://www.seacoastonline.com/HamptonUnion
Hollis Brookline Journal,http://www.cabinet.com/cp/hollisbrooklinejournal/
Hooksett Banner,http://www.newhampshire.com/section/newhampshire1410
Hudson-Litchfield News,http://www.areanewsgroup.com/
Keene Sentinel ,http://www.sentinelsource.com/
Weirs Times,http://www.theweirstimes.com/
Coos County Democrat,http://www.newhampshirelakesandmountains.com/118968.113119body.lasso?publication=LAN
Littleton Courier,http://www.newhampshirelakesandmountains.com/118968.113119body.lasso?publication=LIT
Londonderry Times,http://londonderrytimes.net/
New Hampshire Business Review,http://www.nhbr.com/
Union Leader,http://www.unionleader.com/
Meredith News,http://www.newhampshirelakesandmountains.com/118968.113119body.lasso?publication=MER
Cabinet Press,http://www.cabinet.com/
Telegraph,http://www.nashuatelegraph.com/
Conway Daily Sun,http://www.conwaydailysun.com/
Bridge Weekly,http://www.thebridgeweekly.com/
Pelham-Windham News,http://www.areanewsgroup.com/
Monadnock Ledger,http://www.ledgertranscript.com/
Plymouth Record Enterprise,http://www.newhampshirelakesandmountains.com/118968.113119body.lasso?publication=PLY
New Hampshire Gazette,http://www.nhgazette.com/
Portsmouth Herald,http://www.seacoastonline.com/portsmouthherald
Rochester Times,http://www.fosters.com/rochester-times
Salem Community Patriot,http://www.areanewsgroup.com/
Salem Observer,http://www.newhampshire.com/section/newhampshire1411
Intertown Record,http://www.intertownrecord.com/
Granite State News,http://www.newhampshirelakesandmountains.com/118968.113119body.lasso?publication=GSN
Granite State News,http://www.newhampshirelakesandmountains.com/
