Akron News-Reporter,http://www.akronnewsreporter.com/
Conejos County Citizen,http://www.conejoscountycitizen.com/
Valley Courier,http://www.alamosanews.com/
The Flume,http://www.theflume.com/
Arvada Press,http://arvadapress.com/
Aspen Daily News,http://www.aspendailynews.com/
Aspen Times,http://www.aspentimes.com/
Snowmass Village Sun,http://www.aspentimes.com/News/Snowmass
High Timber Times,http://www.hightimbertimes.com/
Aurora Sentinel,http://www.aurorasentinel.com/
Pine River Times,http://www.pinerivertimes.com/
Berthoud Recorder,http://www.berthoudrecorder.com/
Weekly Surveyor,http://www.berthoudsurveyor.com/
Black Forest News,http://blackforestnews-co.com/
BizWest,http://bizwest.com/
Boulder Weekly,http://www.boulderweekly.com/
Colorado Daily,http://www.coloradodaily.com
Daily Camera,http://www.dailycamera.com/
Center Post Dispatch,http://www.centerpostdispatch.com/
Standard Blade,http://www.thebrightonblade.com/
Daily Record,http://www.canoncitydailyrecord.com/
Broomfield Enterprise,http://www.broomfieldenterprise.com/
Brush News Tribune,http://www.brushnewstribune.com/
Chaffee County Times,http://www.chaffeecountytimes.com/
Burlington Record,http://www.burlington-record.com/
Sopris Sun,http://www.soprissun.com/
Douglas County News-Press,http://douglascountynewspress.net/
News Press,http://castlerocknewspress.net/
Mineral County Miner,http://www.mineralcountyminer.com/
Business Journal,http://csbj.com/
Gazette,http://gazette.com/
Independent,http://www.csindy.com/
Southside Business,http://www.southsidebusiness.com/
Columbine Courier,http://www.columbinecourier.com/
Gateway News,http://www.gatewaynews.org/
Sentinel Express,http://www.commercecitysentinel.com/
Cortez Journal,http://www.the-journal.com/
Dolores Star,http://www.the-journal.com/
Craig Daily Press,http://www.craigdailypress.com/
Crested Butte News,http://www.crestedbuttenews.com/
Del Norte Prospector,http://www.delnorteprospector.com/
Delta County Independent,http://www.deltacountyindependent.com
Western Slope Watchdog,http://westernslopewatchdog.com/
Colorado Chinese News,http://www.kzhb.us/
Colorado Statesman,http://coloradostatesman.com/
Denver Business Journal,http://www.bizjournals.com/denver/
Denver Post,http://www.denverpost.com/
Denver Urban Spectrum,http://denverurbanspectrum.com/
Denver Voice,http://www.denvervoice.org/
El Hispano de Denver,http://www.elhispanonewspaper.com/
La Prensa de Colorado,http://laprensadecolorado.com/
La Voz,http://www.lavozcolorado.com/
South Platte Independent,http://southplatteindependent.net/
Washington Park Profile,http://washparkprofile.com/
Westword,http://www.westword.com/
Ute Country News,http://utecountrynews.com/
Dove Creek Press,http://www.dovecreekpress.com/
Durango Herald,http://www.durangoherald.com/
Durango Telegraph,http://www.durangotelegraph.com/
Kiowa County Press,http://www.kiowacountypress.net/
Eagle Valley Enterprise,http://www.vaildaily.com/News/EagleValley
North Weld Herald,http://nwherald.qwestoffice.net/
Elbert County News,http://www.elbertcountynews.net/
Englewood Herald,http://englewoodherald.net/
Colorado Hometown Weekly,http://www.coloradohometownweekly.com/news/erie
Estes Park Trail-Gazette,http://www.eptrail.com/
Canyon Courier,http://www.canyoncourier.com/
BizWest,http://bizwest.com/
Coloradoan,http://www.coloradoan.com/
Fort Collins Senior Voice,http://theseniorvoice.net/
Fort Lupton Express,http://www.ftluptonpress.com/
Fort Morgan Times,http://www.fortmorgantimes.com/
Fowler Tribune,http://www.fowlertribune.com/
Summit Daily News,http://www.summitdaily.com/
Post Independent,http://www.postindependent.com/
Golden Transcript,http://goldentranscript.net/
Sky-Hi News,http://www.skyhidailynews.com/
Beacon Senior Newspaper,http://beaconseniornews.com/
Business Times,http://thebusinesstimes.com/
Daily Sentinel,http://www.gjsentinel.com/
Fence Post,http://www.thefencepost.com/
Greeley Tribune,http://www.greeleytribune.com/
Villager,http://www.villagerpublishing.com/
Country Times,http://www.gunnisontimes.com/
Haxtun-Fleming Herald,http://www.hfherald.com/
Highlands Ranch Herald,http://highlandsranchherald.net/
Holyoke Enterprise,http://www.holyokeenterprise.com/
Clear Creek Courant,http://www.clearcreekcourant.com/
Johnstown Breeze,http://myjohnstownbreeze.com/
Julesburg Advocate,http://www.julesburgadvocate.com/
Lost Creek Guide,http://www.lostcreekguide.com/
Ag Journal,http://www.agjournalonline.com/
Tribune-Democrat,http://www.lajuntatribunedemocrat.com/
The Signature,http://www.signaturenewspaper.com/
Colorado Hometown Weekly,http://www.coloradohometownweekly.com/news/lafayette
Lakewood Sentinel,http://lakewoodsentinel.com/
Lamar Ledger,http://www.lamarledger.com/
Prowers Journal,http://theprowersjournal.com/
North Forty News,http://www.northfortynews.com/
Bent County Democrat,http://www.bcdemocratonline.com/
Leadville Herald Democrat,http://www.leadvilleherald.com/
Limon Leader,http://easterncoloradoplainsman.com/
Centennial Citizen,http://centennialcitizen.net/
Littleton Independent,http://littletonindependent.net/
Lone Tree Voice,http://lonetreevoice.net/
Daily Times-Call,http://www.timescall.com/
Colorado Hometown Weekly,http://www.coloradohometownweekly.com/news/louisville
Daily Reporter-Herald,http://www.reporterherald.com/
Lyons Recorder,http://www.lyonsrecorder.com/
Mancos Times,http://www.the-journal.com/
Monte Vista Journal,http://www.montevistajournal.com/
Montrose Daily Press,http://www.montrosepress.com/
Tri Lakes Tribune,http://www.pikespeaknewspapers.com/the-tribune/
Nederland Mountain-Ear,http://themtnear.com/
Left Hand Valley Courier,http://www.lhvc.com/
Norwood Post,http://www.telluridenews.com/eedition_the_norwood_post/
Sunshine Express,https://sunshineexpressmedia.com/
Plaindealer,http://www.ouraynews.com/
Pagosa Springs Daily Post,http://www.pagosadailypost.com/
Pagosa Springs Sun,http://www.pagosasun.com/
High Country News,http://www.hcn.org/
Parker Chronicle,http://parkerchronicle.net/
Pueblo Chieftain,http://www.chieftain.com/
Rangely Herald Times,http://www.theheraldtimes.com/
Citizen Telegram,http://www.postindependent.com/News/Rifle
Saguache Crescent,http://www.smalltownpapers.com/listSAG.htm
Mountain Mail,http://www.themountainmail.com
Silverton Standard,http://www.silvertonstandard.com/
Ranchland News,http://www.ranchland-news.com/
South Fork Tines,http://www.southforktines.com/
Steamboat Pilot,http://www.steamboattoday.com/
South Platte Sentinel,http://www.southplattesentinel.com/
Sterling Journal-Advocate,http://www.journal-advocate.com/
Colorado Hometown Weekly,http://www.coloradohometownweekly.com/news/superior
Telluride Daily Planet,http://www.telluridenews.com/
Telluride Watch,http://www.telluridenews.com/the_watch/
Northglenn-Thornton Sentinel,http://northglenn-thorntonsentinel.com/
Chronicle News,http://www.thechronicle-news.com/
Vail Daily,http://www.vaildaily.com/
Huerfano World Journal,http://huerfanojournal.com/
Wet Mountain Tribune,http://www.wetmountaintribune.com
Westminster Window,http://westminsterwindow.com/
Wheat Ridge Transcript,http://wheatridgetranscript.com/
Windsor Beacon,http://www.coloradoan.com/windsor-beacon/
Windsor Now ,http://www.mywindsornow.com/
Mountain Jackpot,http://www.mountainjackpot.com/
Pikes Peak Courier,http://www.pikespeaknewspapers.com/the-pikes-peak-courier/
