Star Valley Independent,http://www.starvalleyindependent.com/
Buffalo Bulletin,http://www.buffalobulletin.com/
Casper Journal,http://www.casperjournal.com/
Casper Star Tribune,http://trib.com/
Wyoming Livestock Roundup,http://www.wylr.net/
Wyoming Tribune Eagle,http://www.wyomingnews.com/
Cody Enterprise,http://www.codyenterprise.com/
Douglas Budget,http://www.douglas-budget.com/
Laramie Boomerang,http://www.laramieboomerang.com/
News-Record,http://www.gillettenewsrecord.com/
Glenrock Independent,http://www.glenrockind.com/
Guernsey Gazette,http://www.guernseygazette.com/
Jackson Hole News & Guide,http://jhnewsandguide.com/
Planet Jackson Hole,http://planetjh.com/
Lingle Guide,http://www.lingleguide.com/
Lovell Chronicle,http://www.lovellchronicle.com/
Lusk Herald,http://www.luskherald.com/
Powell Tribune,http://www.powelltribune.com/
Daily Times,http://www.rawlinstimes.com/
Riverton Daily Ranger ,http://www.dailyranger.com/
Sheridan Press,http://thesheridanpress.com/
Telegram,http://www.torringtontelegram.com/
Platte County Record-Times,http://www.pcrecordtimes.com/
Northern Wyoming Daily News,http://www.wyodaily.com/
